Prenom;Nom;date entr√©e entreprise;identifiant;activite;statut
Ollie;Galasso;13/03/2006;1;Aucun;Inactif
Jon;Seastrunk;12/01/2007;2;Aucun;Inactif
Ted;Luat;17/07/2007;3;Aucun;Inactif
Myron;Quaife;28/09/2007;4;Aucun;Inactif
Hollis;Syres;22/10/2007;5;Aucun;Inactif
Norbert;Tebeest;05/12/2007;6;Aucun;Inactif
Alvaro;Callum;19/11/2010;7;Aucun;Inactif
Emanuel;Ferrill;06/01/2012;8;Aucun;Inactif
Brandon;Aufmuth;31/07/2012;9;Aucun;Inactif
Lamar;Sanburn;19/12/2012;10;Aucun;Inactif
Lindsey;Arnaiz;27/12/2012;11;Aucun;Inactif
Lyman;Shumer;29/04/2013;12;Aucun;Inactif
Santo;Abrahamson;10/06/2013;13;Aucun;Inactif
Bernardo;Besmer;26/05/2014;14;Aucun;Inactif
Millard;Ery;11/09/2014;15;Aucun;Inactif
Oren;Nau;13/11/2014;16;Aucun;Inactif
Normand;Grgurich;01/12/2014;17;Aucun;Inactif
Milton;Hannett;14/04/2015;18;Aucun;Inactif
Pete;Stobierski;12/01/2016;19;Aucun;Inactif
Wilbur;Pommier;22/01/2016;20;Aucun;Inactif
Kelvin;Objio;26/01/2016;21;Aucun;Inactif
Shannon;Petermeier;08/02/2016;22;Aucun;Inactif
Darrick;Eveler;13/07/2016;23;Aucun;Inactif
Adolph;Natwick;29/08/2016;24;Aucun;Inactif
Jamey;Elsbree;04/10/2016;25;Aucun;Inactif
Efren;Seaburn;28/09/2006;26;Aucun;Inactif
Antonio;Tulipano;15/02/2007;27;Aucun;Inactif
Stuart;Schachte;15/03/2007;28;Aucun;Inactif
Winford;Ebach;23/04/2007;29;Aucun;Inactif
Augustus;Melen;23/07/2007;30;Aucun;Inactif
Mauricio;Pratte;01/01/2008;31;Aucun;Inactif
Cornelius;Budak;24/06/2009;32;Aucun;Inactif
Chung;Riesenberger;16/12/2009;33;Aucun;Inactif
Stanton;Supnet;03/03/2010;34;Aucun;Inactif
Ryan;Martie;11/03/2010;35;Aucun;Inactif
Korey;McManaman;17/11/2010;36;Aucun;Inactif
Ian;Kroening;26/01/2011;37;Aucun;Inactif
Leif;Saalwaechter;11/02/2011;38;Aucun;Inactif
Ahmed;Sanner;14/09/2011;39;Aucun;Inactif
Mervin;Bromer;20/09/2012;40;Aucun;Inactif
Ty;Viehweg;23/10/2012;41;Aucun;Inactif
Victor;Jaro;22/08/2013;42;Aucun;Inactif
Hosea;Cumings;24/09/2013;43;Aucun;Inactif
Edmund;Campolo;03/01/2014;44;Aucun;Inactif
Cedrick;Muckler;24/01/2014;45;Aucun;Inactif
Hassan;Ed;18/02/2015;46;Aucun;Inactif
Luigi;Gerrish;09/03/2015;47;Aucun;Inactif
Greg;Defrancisco;10/03/2015;48;Aucun;Inactif
August;Novinger;20/04/2016;49;Aucun;Inactif
Carmelo;Roosa;16/11/2016;50;Aucun;Inactif
